{
  "version": 1,
  "displayDebugData": false,
  "enabled": true,
  "leafSize": 5,
  "leafLifespan": 200,
  "leafSpawnRate": 10,
  "coniferLeafSpawnRate": 0,
  "snowflakeSpawnRate": 15,
  "dropFromPlayerPlacedBlocks": true,
  "leavesOnBlockHit": true,
  "minimumFreeSpaceBelow": 1,
  "windEnabled": true,
  "windlessDimensions": [
    "minecraft:the_end",
    "minecraft:the_nether"
  ],
  "leafSettings": {
    "minecraft:jungle_leaves": {
      "spawnRateFactor": 0.0,
      "isConiferBlock": false,
      "spawnBreakingLeaves": false
    },
    "minecraft:flowering_azalea_leaves": {
      "spawnRateFactor": 1.0,
      "isConiferBlock": false,
      "spawnBreakingLeaves": false
    },
    "minecraft:mangrove_leaves": {
      "spawnRateFactor": 1.0,
      "isConiferBlock": false,
      "spawnBreakingLeaves": false
    },
    "minecraft:azalea_leaves": {
      "spawnRateFactor": 1.0,
      "isConiferBlock": false,
      "spawnBreakingLeaves": false
    },
    "minecraft:birch_leaves": {
      "spawnRateFactor": 1.0,
      "isConiferBlock": false,
      "spawnBreakingLeaves": false
    },
    "minecraft:cherry_leaves": {
      "spawnRateFactor": 1.0,
      "isConiferBlock": false,
      "spawnBreakingLeaves": false
    },
    "minecraft:acacia_leaves": {
      "spawnRateFactor": 1.0,
      "isConiferBlock": false,
      "spawnBreakingLeaves": false
    },
    "minecraft:oak_leaves": {
      "spawnRateFactor": 1.0,
      "isConiferBlock": false,
      "spawnBreakingLeaves": false
    },
    "minecraft:dark_oak_leaves": {
      "spawnRateFactor": 1.0,
      "isConiferBlock": false,
      "spawnBreakingLeaves": false
    },
    "minecraft:spruce_leaves": {
      "spawnRateFactor": 1.0,
      "isConiferBlock": true,
      "spawnBreakingLeaves": false
    }
  },
  "leafSpawners": [],
  "fallSpawnRateFactor": 1.8,
  "winterSpawnRateFactor": 0.1,
  "startingSpawnRadius": 0,
  "decaySpawnRateFactor": 2.6,
  "maxDecayLeaves": 9
}